Open,High,Low,Close,Adj Close,Volume
2753.25,2772.389893,2748.459961,2772.350098,2772.350098,3651640000
